Full Name,Gender,Email,Phone,Country
Yasnozir Fenko,male,yasnozir.fenko@example.com,(096) F40-8178,Ukraine
María Rojas,female,maria.rojas@example.com,991-300-086,Spain
Hildebrando Farias,male,hildebrando.farias@example.com,(64) 3685-0050,Brazil
Ege Oraloğlu,male,ege.oraloglu@example.com,(885)-590-1815,Turkey
Nezha El Messaoudi,female,nezha.elmessaoudi@example.com,(0118) 688763,Netherlands
Javier Neal,male,javier.neal@example.com,08-5435-9657,Australia
Eva Roy,female,eva.roy@example.com,X27 N20-7199,Canada
Fabien Dufour,male,fabien.dufour@example.com,02-40-32-50-84,France
Brooke Castillo,female,brooke.castillo@example.com,016974 34185,United Kingdom
Ingeburg Kutzner,female,ingeburg.kutzner@example.com,0180-4193079,Germany
